,div.location
1,"From Wikipedia, the free encyclopedia"
2,
3,
4,
5,
6,Jump to navigation
7,Jump to search
8,Wikipedia list article
9,"This article needs additional citations for verification. Please help improve this article by adding citations to reliable sources. Unsourced material may be challenged and removed.Find sources:Î_""List of state and territorial universities in the United States""Î_-Î_newsÎ_Îà newspapersÎ_Îà booksÎ_Îà scholarÎ_Îà JSTOR  (December 2013) (Learn how and when to remove this template message)"
10,"In the United States, a state college or state university is one of the public colleges or universities funded by or associated with the state government. In some cases, these institutions of higher learning are part of a state university system, while in other cases they are not. Several U.S. territories also administer public colleges and universities."
11,"Although most of these institutions are associated with state governments, a small number of public institutions are directly funded and governed by the U.S. federal government, including the service academies, the Community College of the Air Force, the Naval Postgraduate School, the Air Force Institute of Technology, the Uniformed Services University of the Health Sciences, military war colleges and staff colleges, and Haskell Indian Nations University. A few universities - Georgetown University, Gallaudet University, Howard University, and American University - are private universities in the District of Columbia that are federally chartered by the United States Government."
12,"Most state universities receive at least part of their funding from the state, although many have substantial income from tuition and fees, endowment proceeds, donations (such as from alumni or philanthropists), and revenue from royalties. State universities usually offer lower tuition costs to in-state residents. According to the College Board, public four-year colleges charge on average $7,605 per year in tuition and fees for full-time in-state students and $11,990 for out-of-state students.[1] Substantial financial support is also provided by the federal government, particularly through federal financial aid."
13,"In some states, e.g. Maryland, Tennessee, Indiana, and Washington, there is a campus designated as the ""flagship"" campus in the state's university system, which generally is the most prestigious campus and the largest campus in student population, e.g. the University of Maryland, College Park campus in the University System of Maryland, the Indiana University Bloomington campus in the Indiana University System, the University of Tennessee, Knoxville campus in the University of Tennessee System, and the University of Washington's Seattle campus in the University of Washington System. However, in some other states, there is no officially recognized flagship campus.[2]There are a number of states that have more than one university system, e.g. California with 2; Colorado with 2; Indiana with 2; New York with 2; Tennessee with 2; and Texas with 6 (the most)."
14,
15,".mw-parser-output .sidebar{width:22em;float:right;clear:right;margin:0.5em 0 1em 1em;background:#f8f9fa;border:1px solid #aaa;padding:0.2em;border-spacing:0.4em 0;text-align:center;line-height:1.4em;font-size:88%;display:table}body.skin-minerva .mw-parser-output .sidebar{display:table!important;float:right!important;margin:0.5em 0 1em 1em!important}.mw-parser-output .sidebar a{white-space:nowrap}.mw-parser-output .sidebar-wraplinks a{white-space:normal}.mw-parser-output .sidebar-subgroup{width:100%;margin:0;border-spacing:0}.mw-parser-output .sidebar-left{float:left;clear:left;margin:0.5em 1em 1em 0}.mw-parser-output .sidebar-none{float:none;clear:both;margin:0.5em 1em 1em 0}.mw-parser-output .sidebar-outer-title{padding-bottom:0.2em;font-size:125%;line-height:1.2em;font-weight:bold}.mw-parser-output .sidebar-top-image{padding:0.4em 0}.mw-parser-output .sidebar-top-caption,.mw-parser-output .sidebar-pretitle-with-top-image,.mw-parser-output .sidebar-caption{padding-top:0.2em;line-height:1.2em}.mw-parser-output .sidebar-pretitle{padding-top:0.4em;line-height:1.2em}.mw-parser-output .sidebar-title,.mw-parser-output .sidebar-title-with-pretitle{padding:0.2em 0.4em;font-size:145%;line-height:1.2em}.mw-parser-output .sidebar-title-with-pretitle{padding-top:0}.mw-parser-output .sidebar-image{padding:0.2em 0 0.4em}.mw-parser-output .sidebar-heading{padding:0.1em}.mw-parser-output .sidebar-content{padding:0 0.1em 0.4em}.mw-parser-output .sidebar-content-with-subgroup{padding:0.1em 0 0.2em}.mw-parser-output .sidebar-above,.mw-parser-output .sidebar-below{padding:0.3em 0.4em;font-weight:bold}.mw-parser-output .sidebar-collapse .sidebar-above,.mw-parser-output .sidebar-collapse .sidebar-below{border-top:1px solid #aaa;border-bottom:1px solid #aaa}.mw-parser-output .sidebar-navbar{text-align:right;font-size:115%}.mw-parser-output .sidebar-collapse .sidebar-navbar{padding-top:0.6em}.mw-parser-output .sidebar-list-title{text-align:left;font-weight:bold;line-height:1.6em;font-size:105%}.mw-parser-output .sidebar-list-title-c{text-align:center;margin:0 3.3em}@media(max-width:720px){body.mediawiki .mw-parser-output .sidebar{width:100%!important;clear:both;float:none!important;margin-left:0!important;margin-right:0!important}}This article is part of a series onEducation in theUnited States"
16,Summary
17,By state and in insular areas
18,By subject area
19,History of
20,
21,Issues
22,
23,Financing
24,Higher education issues
25,Cost and financing
26,Credentialism
27,Graduate unemployment
28,Law
29,Literacy
30,Reform
31,Charter schools
32,
33,Levels of Education
34,Pre-kindergarten - Primary - Secondary - Higher
35,Organizations
36,
37,"Î_Education portalÎ_United States portal.mw-parser-output .navbar{display:inline;font-size:88%;font-weight:normal}.mw-parser-output .navbar-collapse{float:left;text-align:left}.mw-parser-output .navbar-boxtext{word-spacing:0}.mw-parser-output .navbar ul{display:inline-block;white-space:nowrap;line-height:inherit}.mw-parser-output .navbar-brackets::before{margin-right:-0.125em;content:""[ ""}.mw-parser-output .navbar-brackets::after{margin-left:-0.125em;content:"" ]""}.mw-parser-output .navbar li{word-spacing:-0.125em}.mw-parser-output .navbar-mini abbr{font-variant:small-caps;border-bottom:none;text-decoration:none;cursor:inherit}.mw-parser-output .navbar-ct-full{font-size:114%;margin:0 7em}.mw-parser-output .navbar-ct-mini{font-size:114%;margin:0 4em}.mw-parser-output .infobox .navbar{font-size:100%}.mw-parser-output .navbox .navbar{display:block;font-size:100%}.mw-parser-output .navbox-title .navbar{float:left;text-align:left;margin-right:0.5em}vteNotes:"
38,
39,"As a general rule, schools are not alphabetized by their complete names, but rather by the names by which they are normally called. For example, in a list alphabetized by normal rules, ""Auburn University"" would precede ""University of Alabama,"" but the schools are virtually always referred to in popular conversation as ""Auburn"" and ""Alabama"" (followed by a campus identifier if required by the context). Therefore, in this article, ""Alabama"" precedes ""Auburn""."
40,"The list includes some of the more common academic nicknames or acronyms used for certain colleges or universities, e.g. ""Ole Miss"" for the University of Mississippi, ""Idaho State"" for Idaho State University, or ""UNF"" for the University of North Florida, not the ""Rebels"", ""Bengals"", or ""Ospreys"", respectively."
41,"To minimize any confusion regarding acronyms, either the first school listed or the school that is more nationally known having an acronym the same as another has the acronym provided, e.g. San Diego State University has the acronym ""SDSU"" included because it is listed before South Dakota State University, and Arizona State University has the acronym ""ASU"" given because it is better known nationally than Alabama State. In addition, only acronyms that are unique are given, e.g. ""UW Tacoma"" for the University of Washington's Tacoma campus or ""UNH"" for the University of New Hampshire."
42,"The list also includes schools that grant first-professional doctorates only (e.g., medical schools, law schools, or veterinary schools) that are independent of any other school in a state system."
43,"Satellite campuses that do not have accreditation separate from the mother institution are not included in the list, e.g. University of Washington Tacoma remains an integral part of the University of Washington, which is based in Seattle. On the other hand, institutions like University of Houston-Downtown and University of California, Santa Cruz are provided separate entries as they are considered independent, autonomous institutions."
44,"To see a list of community colleges and technical centers in the United States that offer only associate's degrees, visit the community colleges list."
45,"To see a list of tribal colleges and universities in the United States, visit the tribal colleges and universities list."
46,"Non-bachelor's degree-granting institutions, such as graduate schools, are listed in italics."
47,@media all and (max-width:719px){body.skin-minerva .mw-parser-output .tocright{display:none}}.mw-parser-output .tocright{float:right;clear:right;width:auto;background:none;padding:.5em 0 .8em 1.4em;margin-bottom:.5em}.mw-parser-output .tocright-clear-left{clear:left}.mw-parser-output .tocright-clear-both{clear:both}.mw-parser-output .tocright-clear-none{clear:none}Contents
48,1 Alabama
49,2 Alaska
50,3 Arizona
51,4 Arkansas
52,5 California
53,6 Colorado
54,7 Connecticut
55,8 Delaware
56,9 District of Columbia
57,10 Florida
58,11 Georgia
59,12 Guam
60,13 Hawaii
61,14 Idaho
62,15 Illinois
63,16 Indiana
64,17 Iowa
65,18 Kansas
66,19 Kentucky
67,20 Louisiana
68,21 Maine
69,22 Maryland
70,23 Massachusetts
71,24 Michigan
72,25 Minnesota
73,26 Mississippi
74,27 Missouri
75,28 Montana
76,29 Nebraska
77,30 Nevada
78,31 New Hampshire
79,32 New Jersey
80,33 New Mexico
81,34 New York
82,35 North Carolina
83,36 North Dakota
84,37 Northern Mariana Islands
85,38 Ohio
86,39 Oklahoma
87,40 Oregon
88,41 Pennsylvania
89,42 Puerto Rico
90,43 Rhode Island
91,44 South Carolina
92,45 South Dakota
93,46 Tennessee
94,47 Texas
95,48 Utah
96,49 Vermont
97,50 Virginia
98,51 Virgin Islands
99,52 Washington
100,53 West Virginia
101,54 Wisconsin
102,55 Wyoming
103,56 References
104,
105,
106,Alabama[edit]
107,Alabama A&M University
108,Alabama State University
109,Athens State University
110,Auburn University system
111,Auburn University
112,Auburn University at Montgomery
113,Jacksonville State University
114,Troy University
115,University of Alabama System
116,University of Alabama (Alabama) (Tuscaloosa - flagship/main campus)
117,University of Alabama at Birmingham (UAB)
118,University of Alabama in Huntsville (UAH)
119,University of Montevallo
120,University of North Alabama (UNA)
121,University of South Alabama (USA)
122,University of West Alabama (UWA)
123,University of Alaska System
124,University of Alaska Fairbanks (UAF) (Fairbanks - flagship/main campus)
125,University of Alaska Anchorage (UAA)
126,University of Alaska Southeast (UAS)
127,Arizona Board of Regents
128,Arizona State University (ASU)
129,Northern Arizona University (NAU)
130,University of Arizona (UofA)
131,University of Arkansas System
132,University of Arkansas (Arkansas) (Fayetteville - flagship/main campus)
133,University of Arkansas-Fort Smith
134,University of Arkansas at Little Rock
135,University of Arkansas for Medical Sciences
136,University of Arkansas at Monticello
137,University of Arkansas at Pine Bluff
138,Arkansas State University System
139,Arkansas State University
140,Arkansas Tech University
141,"University of Central Arkansas (UCA, Central Arkansas)"
142,Henderson State University
143,Southern Arkansas University (SAU)
144,University of California system
145,"University of California, Berkeley (UC Berkeley)"
146,"University of California, Davis (UC Davis)"
147,"University of California, Irvine (UC Irvine)"
148,"University of California, Los Angeles (UCLA)"
149,"University of California, Merced (UC Merced)"
150,"University of California, Riverside (UC Riverside)"
151,"University of California, San Diego (UC San Diego)"
152,"University of California, San Francisco  (UCSF)"
153,"University of California, Santa Barbara (UCSB)"
154,"University of California, Santa Cruz (UC Santa Cruz)"
155,"University of California, Hastings College of the Law (law school; administered separately from the other UC campuses)"
156,California State University system
157,"California State University, Bakersfield (CSUB)"
158,"California State University, Channel Islands (CSUCI or CI)"
159,"California State University, Chico (Chico State)"
160,"California State University, Dominguez Hills (CSUDH)"
161,"California State University, East Bay (CSUEB)"
162,"California State University, Fresno (Fresno State)"
163,"California State University, Fullerton (Fullerton, CSUF, Cal State Fullerton)"
164,Humboldt State University (HSU)
165,"California State University, Long Beach (Long Beach State or Cal State Long Beach)"
166,"California State University, Los Angeles (CSULA)"
167,"California Maritime Academy (Cal Maritime, The Academy)"
168,"California State University, Monterey Bay (CSUMB)"
169,"California State University, Northridge (CSUN, pronounced ""C Sun"", Cal State Northridge)"
170,"California State Polytechnic University, Pomona (Cal Poly Pomona)"
171,"California State University, Sacramento (Sacramento State)"
172,"California State University, San Bernardino (CSUSB)"
173,"San Diego State University  (SDSU, San Diego State)"
174,San Francisco State University (SFSU)
175,"San Jose State University  (SJSU, San Jose State)"
176,"California Polytechnic State University, San Luis Obispo (Cal Poly San Luis Obispo or Cal Poly SLO)"
177,"California State University, San Marcos (CSUSM)"
178,Sonoma State University (SSU)
179,"California State University, Stanislaus (Stan State)"
180,Adams State University
181,University of Colorado system
182,University of Colorado Boulder (Colorado or CU) (Boulder - flagship/main campus)
183,University of Colorado Colorado Springs (CU-Colorado Springs)
184,University of Colorado Denver (CU-Denver)
185,Colorado Mesa University
186,Colorado School of Mines
187,Colorado State University System
188,Colorado State University (Colorado State) (Fort Collins - flagship/main campus)
189,Colorado State University-Pueblo (CSU-Pueblo)
190,Colorado State University-Global Campus (CSU-Global) - online only
191,Fort Lewis College
192,Metropolitan State University of Denver
193,University of Northern Colorado
194,Western Colorado University (Western)
195,Charter Oak State College (COSC)
196,Connecticut State University System
197,Central Connecticut State University (CCSU)
198,Eastern Connecticut State University (ECSU)
199,Southern Connecticut State University (SCSU)
200,Western Connecticut State University (WCSU)
201,University of Connecticut
202,University of Delaware (UD)
203,Delaware State University
204,"University of the District of Columbia (UDC)Universities Chartered by Congress (Congressional Charter) are not public state or territorial universities; they are private non-profit universities that do not grant in-state tuition discounts to District of Columbia residents unlike other government-funded state or territorial universities. The United States Federal Government provides tuition grants to District of Columbia residents through the DC Tuition Assistance Grant (DC TAG) towards the difference in price between in-state and out-of-state tuition at public four-year colleges/universities and private Historically Black Colleges and Universities throughout the U.S., Guam, and Puerto Rico. Small amounts of the grant can be used for Washington Metropolitan Area private universities within close proximate of the District.[3]"
205,Florida[edit]
206,State University System of Florida
207,Florida A&M University (FAMU)
208,Florida Atlantic University (FAU)
209,Florida Gulf Coast University (FGCU)
210,Florida International University (FIU)
211,Florida Polytechnic University (Florida Poly or FPU)
212,Florida State University (FSU)
213,New College of Florida (New College or NCF)
214,University of Central Florida (UCF)
215,University of Florida (UF)
216,University of North Florida (UNF)
217,University of South Florida System
218,University of South Florida (USF)
219,University of South Florida Sarasota-Manatee (USFSM)
220,University of South Florida St. Petersburg (USFSP)
221,University of West Florida (UWF)
222,Florida College System (community college system which offers bachelor's degrees at most of its institutions)
223,Broward College
224,Chipola College
225,College of Central Florida
226,Daytona State College
227,Eastern Florida State College
228,Florida Gateway College
229,Florida SouthWestern State College
230,Florida State College at Jacksonville
231,Gulf Coast State College
232,Indian River State College
233,Lake-Sumter State College
234,Miami Dade College
235,Northwest Florida State College
236,Palm Beach State College
237,Pasco-Hernando State College
238,Pensacola State College
239,Polk State College
240,Santa Fe College
241,Seminole State College of Florida
242,South Florida State College
243,St. Johns River State College
244,St. Petersburg College
245,"State College of Florida, Manatee-Sarasota"
246,Tallahassee Community College
247,Valencia College
248,University System of Georgia
249,Abraham Baldwin Agricultural College (Abraham Baldwin)
250,Albany State University
251,Atlanta Metropolitan State College
252,Augusta University (Augusta)
253,Clayton State University
254,College of Coastal Georgia (Coastal)
255,Columbus State University
256,Dalton State College
257,East Georgia State College
258,Fort Valley State University (Fort Valley)
259,Georgia College and State University (Georgia College)
260,Georgia Gwinnett College
261,Georgia Highlands College (Highlands)
262,Georgia Institute of Technology (Georgia Tech)
263,Georgia Southern University
264,Georgia Southwestern State University (GSW)
265,Georgia State University (GSU)
266,Gordon State College
267,Kennesaw State University (KSU)
268,Middle Georgia State University
269,Savannah State University
270,South Georgia State College (SGSC)
271,University of Georgia (UGA)
272,University of North Georgia (UNG)
273,University of West Georgia (UWG)
274,Valdosta State University (VSU)
275,University of Guam
276,University of Hawai'i System
277,University of Hawai'i at Manoa (Hawaii or UH) (Honolulu - flagship/main campus)
278,University of Hawai'i at Hilo (UH Hilo)
279,University of Hawai'i Maui College
280,"University of Hawai'i-West O'ahu (UHWO, pronounced ""UH WO"")"
281,Boise State University (Boise State or BSU)
282,University of Idaho (U of I or UI)
283,Idaho State University (Idaho State or ISU)
284,Lewis-Clark State College
285,Chicago State University (Chicago State)
286,"Eastern Illinois University (Eastern Illinois, EIU)"
287,Governors State University
288,"Illinois State University (Illinois State, ISU)"
289,University of Illinois system
290,"University of Illinois at Urbana-Champaign (Illinois, U of I, UIUC) (Urbana and Champaign - flagship/main campus)"
291,University of Illinois at Chicago (UIC)
292,University of Illinois at Springfield (UIS)
293,Northeastern Illinois University
294,"Northern Illinois University (Northern Illinois, NIU)"
295,Southern Illinois University system
296,"Southern Illinois University Carbondale (Southern Illinois, SIU) (Carbondale - flagship/main campus)"
297,Southern Illinois University Edwardsville (SIUE)
298,"Western Illinois University (Western Illinois, WIU)"
299,Ball State University
300,Indiana University system
301,Indiana University Bloomington (Indiana or IU) (Bloomington - flagship/main campus)
302,Indiana University East
303,Indiana University Fort Wayne
304,Indiana University Kokomo (IUK)
305,Indiana University Northwest
306,Indiana University South Bend (IUSB)
307,Indiana University Southeast
308,Indiana University - Purdue University Columbus (IUPUC)
309,Indiana University - Purdue University Indianapolis (IUPUI) (IU appoints chancellor; joint academics with Purdue)
310,Indiana State University
311,Purdue University system
312,Purdue University (West Lafayette - flagship/main campus)
313,Purdue University Fort Wayne (PFW)
314,Purdue University Northwest - (2016 Merger of Purdue University Calumet and Purdue University North Central)
315,University of Southern Indiana (USI)
316,Vincennes University (VU)
317,University of Iowa (Iowa)
318,Iowa State University (ISU)
319,University of Northern Iowa (UNI)
320,Emporia State University (Emporia State or ESU)
321,Fort Hays State University (FHSU)
322,University of Kansas (Kansas or KU)
323,Kansas State University (K-State or KSU)
324,Pittsburg State University
325,Wichita State UniversityNote: Washburn University in Topeka is a municipally-chartered university.
326,
327,Kentucky[edit]
328,Eastern Kentucky University (EKU)
329,University of Kentucky (Kentucky or UK)
330,Kentucky State University
331,"University of Louisville (Louisville, U of L, or UL)"
332,Morehead State University
333,Murray State University
334,Northern Kentucky University (NKU)
335,Western Kentucky University (WKU)
336,Louisiana State University System
337,Louisiana State University and A&M College (LSU) (Baton Rouge - flagship/main campus)
338,Louisiana State University Agricultural Center
339,Louisiana State University at Eunice (LSU-Eunice)
340,Louisiana State University of Alexandria (LSU-Alexandria)
341,Louisiana State University Shreveport (LSU-Shreveport)
342,LSU Health Sciences Center New Orleans
343,LSU Health Sciences Center Shreveport
344,"Paul M. Hebert Law Center (law school on the main Baton Rouge campus, separate institution)"
345,Pennington Biomedical Research Center
346,University of Louisiana System
347,Grambling State University (GSU)
348,Louisiana Tech University (Louisiana Tech or La Tech)
349,McNeese State University (MSU)
350,Nicholls State University
351,Northwestern State University (NSULA)
352,Southeastern Louisiana University (SELU)
353,University of Louisiana at Lafayette (UL Lafayette)
354,University of Louisiana at Monroe (ULM)
355,University of New Orleans (UNO)
356,Southern University System
357,Southern University (Baton Rouge - flagship/main campus)
358,Southern University at New Orleans (SUNO)
359,Southern University at Shreveport (SUSLA)
360,Maine Maritime Academy
361,University of Maine System
362,University of Maine (UMaine or Maine) (Orono - flagship university)
363,University of Maine School of Law
364,"University of Maine at Augusta (UMaine Augusta, UM-Augusta, or UMA)"
365,"University of Maine at Farmington (UMaine Farmington, UM-Farmington, or UMF)"
366,"University of Maine at Fort Kent (UMaine Fort Kent, UM-Fort Kent, or UMFK)"
367,"University of Maine at Machias (UMaine Machias, UM-Machias, or UMM, pronounced ""UM M"")"
368,"University of Maine at Presque Isle (UMaine Presque Isle, UM-Presque Isle, or UMPI, pronounced ""UM PI"")"
369,University of Southern Maine (Southern Maine or USM)
370,Morgan State University
371,St. Mary's College of Maryland
372,University System of Maryland
373,"University of Maryland, College Park (Maryland or UMD) (College Park - flagship/main campus)"
374,Bowie State University
375,Coppin State University
376,Frostburg State University
377,Salisbury University
378,Towson University (Towson)
379,University of Baltimore (UB)
380,"University of Maryland, Baltimore (UM Baltimore or UMB)"
381,"University of Maryland, Baltimore County (UMBC)"
382,University of Maryland Eastern Shore (UMES)
383,University of Maryland Global Campus (UMGC)
384,University of Maryland Center for Environmental Science
385,University of Maryland Biotechnology Institute
386,University of Massachusetts system
387,"University of Massachusetts Amherst (Massachusetts, UMass, UMass Amherst) (Amherst - flagship/main campus)"
388,University of Massachusetts Boston (UMass Boston)
389,University of Massachusetts Dartmouth (UMass Dartmouth)
390,University of Massachusetts Lowell (UMass Lowell)
391,University of Massachusetts Medical School
392,State University system
393,Bridgewater State University
394,Fitchburg State University
395,Framingham State University
396,Salem State University
397,Westfield State University
398,Worcester State University
399,Massachusetts College of Art and Design (MassArt)
400,Massachusetts College of Liberal Arts
401,Massachusetts Maritime Academy
402,Central Michigan University (CMU)
403,Eastern Michigan University (EMU)
404,Ferris State University (Ferris State)
405,Grand Valley State University (Grand Valley State or GVSU)
406,Lake Superior State University
407,University of Michigan system
408,University of Michigan (Michigan) (Ann Arbor - flagship/main campus)
409,University of Michigan-Dearborn
410,University of Michigan-Flint
411,Michigan State University (Michigan State)
412,Michigan Technological University (Michigan Tech)
413,Northern Michigan University (NMU)
414,Oakland University (OU)
415,Saginaw Valley State University
416,Wayne State University (Wayne State or WSU)
417,Western Michigan University (WMU)
418,Minnesota State Colleges and Universities system (Listed below are the state universities. The Minnesota State system also includes the state's community and technical colleges.)
419,Bemidji State University
420,"Minnesota State University, Mankato (Mankato- flagship campus)"
421,Minnesota State University Moorhead
422,Metropolitan State University
423,Southwest Minnesota State University
424,St. Cloud State University
425,Winona State University
426,University of Minnesota system
427,University of Minnesota Twin Cities (U of M or Minnesota) (Minneapolis - flagship/main campus)
428,University of Minnesota Crookston
429,University of Minnesota Duluth
430,University of Minnesota Morris
431,University of Minnesota Rochester
432,Alcorn State University
433,Delta State University (Delta State)
434,Jackson State University (Jackson State)
435,Mississippi State University (Mississippi State)
436,Mississippi University for Women (MUW)
437,Mississippi Valley State University
438,University of Mississippi (Ole Miss)
439,University of Southern Mississippi (Southern Miss or USM)
440,University of Central Missouri (UCM)
441,Harris-Stowe State University
442,Lincoln University of Missouri
443,University of Missouri System
444,University of Missouri (Missouri or Mizzou) (Columbia - flagship/main campus)
445,University of Missouri-Kansas City (UMKC)
446,Missouri University of Science and Technology (Missouri S&T)
447,University of Missouri-St. Louis (UMSL)
448,Missouri Southern State University
449,Missouri State University
450,Missouri Western State University
451,Northwest Missouri State University
452,Southeast Missouri State University
453,Truman State University (formerly Northeast Missouri State University)
454,"Montana University System (Listed below are the state universities. The MUS also includes the state's community, technical, and tribal colleges.)"
455,Montana State University System
456,Montana State University (Montana State) (Bozeman - flagship/main campus)
457,Montana State University Billings (Billings)
458,Montana State University-Northern (Havre)
459,University of Montana System
460,University of Montana (Montana) (Missoula - flagship/main campus)
461,Montana Technological University (Montana Tech)
462,University of Montana Western (Dillon)
463,Nebraska State College System
464,Chadron State College
465,Peru State College
466,Wayne State College
467,University of Nebraska system
468,University of Nebraska-Lincoln (Nebraska or UNL) (Lincoln - flagship/main campus)
469,University of Nebraska at Kearney (UNK)
470,University of Nebraska Omaha (UNO)
471,University of Nebraska Medical Center (UNMC)
472,Nevada System of Higher Education
473,"University of Nevada, Reno (UNR) (Reno - flagship/main campus)"
474,"College of Southern Nevada (community college; in addition to associate's degrees, offers a bachelor's degree program)"
475,"Great Basin College (community college; in addition to associate degrees, offers a few bachelor's degrees)"
476,Nevada State College
477,"University of Nevada, Las Vegas (UNLV)"
478,"Western Nevada College (community college; in addition to associate degrees, offers a bachelor's degree program)"
479,"Truckee Meadows Community College (Community college located in Northern Reno. Offers a variety of associate degree programs, as well as bachelor's degrees, which are provided through a partnership with Sierra Nevada College)"
480,University System of New Hampshire
481,Granite State College
482,Keene State College
483,Plymouth State University
484,University of New Hampshire (UNH) (Durham- flagship/main campus)
485,The College of New Jersey
486,Kean University
487,Montclair State University
488,New Jersey City University
489,New Jersey Institute of Technology (NJIT)
490,Ramapo College of New Jersey
491,Rowan University
492,Rutgers University system
493,Rutgers University-New Brunswick (Rutgers) (New Brunswick and Piscataway - flagship/main campus)
494,Rutgers University-Newark
495,Rutgers University-Camden
496,Stockton University
497,Thomas Edison State University
498,William Paterson University of New Jersey
499,Eastern New Mexico University (ENMU)
500,University of New Mexico (New Mexico or UNM)
501,New Mexico Highlands University
502,New Mexico State University (NMSU)
503,New Mexico Institute of Mining and Technology (New Mexico Tech)
504,Northern New Mexico College
505,Western New Mexico University (WNMU)
506,State University of New York (SUNY) system
507,University centers
508,"The State University of New York at Buffalo (University at Buffalo, UBuffalo)"
509,"University at Albany (Albany, UAlbany)"
510,Binghamton University (Binghamton)
511,Stony Brook University (Stony Brook)
512,Other doctoral-granting institutions
513,Health Science Center Brooklyn
514,State University of New York Upstate Medical University
515,State University of New York Polytechnic Institute (SUNY Poly)
516,New York State College of Ceramics (contract college at Alfred University)
517,College of Agriculture and Life Sciences (contract college at Cornell University)
518,College of Human Ecology (contract college at Cornell University)
519,College of Veterinary Medicine (contract college at Cornell University)
520,School of Industrial and Labor Relations (contract college at Cornell University)
521,State University of New York College of Environmental Science and Forestry
522,State University of New York State College of Optometry
523,Comprehensive colleges
524,Buffalo State College
525,Empire State College
526,State University of New York at Brockport (SUNY Brockport)
527,State University of New York at Cortland (SUNY Cortland)
528,State University of New York at Fredonia (SUNY Fredonia)
529,State University of New York at Geneseo (SUNY Geneseo)
530,State University of New York at New Paltz (SUNY New Paltz)
531,State University of New York at Old Westbury (SUNY Old Westbury)
532,State University of New York at Oneonta (SUNY Oneonta)
533,State University of New York at Oswego (SUNY Oswego)
534,State University of New York at Plattsburgh (SUNY Plattsburgh)
535,State University of New York at Potsdam (SUNY Potsdam)
536,State University of New York at Purchase (SUNY Purchase)
537,Technology colleges
538,Alfred State College
539,"Fashion Institute of Technology (FIT) (a SUNY community college; in addition to associate's degrees, also offers bachelor's and master's degrees)"
540,State University of New York at Canton (SUNY Canton)
541,State University of New York at Cobleskill (SUNY Cobleskill)
542,State University of New York at Delhi (SUNY Delhi)
543,State University of New York at Farmingdale (SUNY Farmingdale)
544,Morrisville State College
545,State University of New York Maritime College (SUNY Maritime)
546,City University of New York (CUNY) system
547,Colleges
548,Baruch College
549,Brooklyn College
550,City College of New York
551,College of Staten Island
552,Hunter College
553,John Jay College of Criminal Justice
554,Lehman College
555,Medgar Evers College
556,New York City College of Technology
557,Queens College
558,York College
559,Graduate and professional schools
560,CUNY Graduate Center
561,CUNY Graduate School of Journalism
562,CUNY School of Law
563,CUNY School of Medicine
564,CUNY School of Professional Studies
565,CUNY School of Public Health
566,William E. Macaulay Honors College
567,University of North Carolina system
568,Appalachian State University (Appalachian State or App State)
569,East Carolina University (ECU)
570,Elizabeth City State University (ECSU)
571,Fayetteville State University (FSU)
572,North Carolina A&T State University (North Carolina A&T)
573,North Carolina Central University (North Carolina Central or NCCU)
574,"North Carolina State University (North Carolina State, NC State, NCSU)"
575,University of North Carolina at Asheville (UNC Asheville or UNCA)
576,University of North Carolina at Chapel Hill (UNC Chapel Hill or UNC_—”flagship/main campus)
577,University of North Carolina at Charlotte (UNC Charlotte or Charlotte)
578,University of North Carolina at Greensboro (UNC Greensboro or UNCG)
579,University of North Carolina at Pembroke (UNC Pembroke)
580,University of North Carolina at Wilmington (UNC Wilmington or UNCW)
581,University of North Carolina School of the Arts (UNC School of the Arts)
582,Western Carolina University (WCU)
583,Winston-Salem State University (WSSU)
584,North Dakota University System (Listed below are the state universities. The NDUS also includes the state's community colleges.)
585,"Bismarck State College (community college; in addition to associate degrees, offers two bachelor's degrees)"
586,Dickinson State University
587,Mayville State University
588,Minot State University
589,University of North Dakota (UND) (Grand Forks)
590,North Dakota State University (North Dakota State or NDSU)
591,Valley City State University
592,"Northern Marianas College (community college; offers associate's degrees, Bachelor of Science degrees in Education and Business Management)"
593,University System of Ohio
594,University of Akron (Akron)
595,Bowling Green State University (BGSU)
596,Central State University
597,University of Cincinnati
598,Cleveland State University
599,Kent State University
600,Miami University
601,Northeast Ohio Medical University
602,Ohio State University
603,Ohio University
604,Shawnee State University
605,University of Toledo
606,Wright State University
607,Youngstown State University
608,Cameron University
609,University of Central Oklahoma (Central Oklahoma or UCO)
610,East Central University
611,Langston University
612,Northeastern State University
613,Northwestern Oklahoma State University
614,University of Oklahoma system
615,University of Oklahoma (Oklahoma) (Norman - flagship/main campus)
616,University of Oklahoma-Tulsa Schusterman Center
617,University of Oklahoma Health Sciences Center
618,Oklahoma Panhandle State University
619,Oklahoma State University System
620,Oklahoma State University-Stillwater (Oklahoma State) (Stillwater - flagship/main campus)
621,Oklahoma State University Center for Health Sciences
622,Oklahoma State University Institute of Technology
623,Oklahoma State University-Oklahoma City
624,Oklahoma State University-Tulsa
625,Rogers State University
626,University of Science and Arts of Oklahoma
627,Southeastern Oklahoma State University
628,Southwestern Oklahoma State University
629,University of Central Oklahoma
630,University of Oregon (Oregon or UO)
631,Oregon Health & Science University (OHSU)
632,Oregon State University (Oregon State or OSU)
633,Portland State University (Portland State or PSU)
634,Eastern Oregon University (EOU)
635,Oregon Institute of Technology (Oregon Tech or OIT)
636,Southern Oregon University (SOU)
637,Western Oregon University (WOU)
638,Pennsylvania State System of Higher Education (PaSSHE)
639,The 14 universities in PaSSHE are state-owned. They are directly governed by gubernatorial appointees sitting on the PaSSHE Board of Governors. Each university also has an independent Council of Trustees appointed by the Commonwealth's governor.
640,
641,State-owned universities:
642,Bloomsburg University of Pennsylvania
643,California University of Pennsylvania
644,Cheyney University of Pennsylvania
645,Clarion University of Pennsylvania
646,East Stroudsburg University of Pennsylvania
647,Edinboro University of Pennsylvania
648,Indiana University of Pennsylvania (IUP)
649,Kutztown University of Pennsylvania
650,Lock Haven University of Pennsylvania
651,Mansfield University of Pennsylvania
652,Millersville University of Pennsylvania
653,Shippensburg University of Pennsylvania
654,Slippery Rock University of Pennsylvania
655,West Chester University of PennsylvaniaCommonwealth System of Higher Education
656,Universities of the Commonwealth System of Higher Education receive public funds and reduce tuition for residents of Pennsylvania. Gubernatorial appointees are always a minority of their respective governing boards.
657,
658,State-related institutions:
659,Lincoln University
660,Pennsylvania State University system
661,"Penn State University Park (PSU-University Park, administrative hub)"
662,Penn State Abington (PSU-Abingdon)
663,Penn State Altoona (PSU-Altoona)
664,Penn State Berks (PSU-Berks)
665,Penn State Beaver (PSU-Beaver)
666,Penn State Brandywine (PSU-Brandywine)
667,Penn State College of Medicine
668,Penn State Dickinson Law
669,Penn State DuBois (PSU-DuBois)
670,"Penn State Erie, The Behrend College (PSU-Erie or Behrend)"
671,Penn State Fayette (PSU-Fayette)
672,Penn State Great Valley (PSU-Great Valley)
673,Penn State Greater Allegheny (PSU-Greater Allegheny)
674,Penn State Harrisburg (PSU-Harrisburg)
675,Penn State Hazleton (PSU-Hazleton)
676,Penn State Lehigh Valley (PSU-Lehigh Valley)
677,Penn State Mont Alto (PSU-Mont Alto)
678,Penn State New Kensington (PSU-New Kensington)
679,Penn State Schuylkill (PSU-Schuylkill)
680,Penn State Scranton (PSU-Scranton)
681,Penn State Shenango (PSU-Shenango)
682,Penn State Wilkes-Barre (PSU-Wilkes-Barre)
683,Penn State World Campus
684,Penn State York (PSU-York)
685,Temple University system
686,Temple University (Temple or TU)
687,Temple University Ambler (TU-Ambler)
688,University of Pittsburgh system
689,University of Pittsburgh (Pittsburgh or Pitt)
690,University of Pittsburgh at Bradford
691,University of Pittsburgh at Greensburg
692,University of Pittsburgh at Johnstown
693,University of Pittsburgh at Titusville
694,University of Puerto Rico system
695,University of Puerto Rico at Rio Piedras (UPR-RP) (Rio Piedras - flagship/main campus)
696,University of Puerto Rico at Mayag’_ez (UPRM)
697,University of Puerto Rico at Arecibo (UPRA)
698,University of Puerto Rico at Bayam’_n (UPRB)
699,University of Puerto Rico at Carolina (UPRC)
700,University of Puerto Rico at Cayey (UPR-Cayey)
701,University of Puerto Rico at Humacao (UPRH)
702,University of Puerto Rico at Aguadilla (UPRAG)
703,University of Puerto Rico at Ponce (UPRP)
704,University of Puerto Rico at Utuado (UPRU)
705,"University of Puerto Rico, Medical Sciences Campus (UPR-CM)"
706,Escuela de Artes PlՍsticas y Diseձo de Puerto Rico
707,Conservatory of Music of Puerto Rico
708,Rhode Island College (RIC)
709,University of Rhode Island
710,The Citadel
711,Clemson University
712,Coastal Carolina University (Coastal Carolina or CCU)
713,College of Charleston (Charleston or CofC)
714,Francis Marion University
715,Lander University
716,Medical University of South Carolina
717,University of South Carolina System
718,"University of South Carolina (Carolina, USC, or SCar) (Columbia - flagship/main campus)"
719,University of South Carolina Aiken (USC-Aiken)
720,University of South Carolina Beaufort (USC-Beaufort)
721,University of South Carolina Lancaster (USC-Lancaster)
722,University of South Carolina Salkehatchie (USC-Salkehatchie)
723,University of South Carolina Sumter (USC-Sumter)
724,University of South Carolina Union (USC-Union)
725,University of South Carolina Upstate (USC-Upstate or Upstate)
726,South Carolina State University (SCSU)
727,Winthrop University (WU)
728,Black Hills State University
729,Dakota State University
730,Northern State University
731,University of South Dakota (South Dakota or USD)
732,"South Dakota School of Mines and Technology (South Dakota School of Mines, South Dakota Tech, or SDSM&T, pronounced ""SDSM and T"")"
733,South Dakota State University (South Dakota State)
734,Austin Peay State University (Austin Peay or APSU)
735,East Tennessee State University (ETSU)
736,Middle Tennessee State University (MTSU)
737,Tennessee State University (TSU)
738,Tennessee Technological University (Tennessee Tech or TTU)
739,University of Memphis (U of M) (Memphis - flagship/main campus)
740,"University of Tennessee System (UT, UTC, and UT Martin are primary campuses of the UT System, whereas the UTHSC and the Space Institute are two other educational campuses.)"
741,"University of Tennessee at Knoxville (UT Knoxville, UTK, or UT) (Knoxville - flagship/main campus)"
742,University of Tennessee at Chattanooga (UT Chattanooga or UTC)
743,University of Tennessee at Martin (UT Martin or UTM)
744,University of Tennessee Health Science Center (UTHSC or UT Medical School) (Memphis)
745,University of Tennessee Space Institute (UT Space Institute) (Tullahoma)
746,University of Houston System
747,University of Houston (Houston- flagship/main campus)
748,University of Houston-Clear Lake
749,University of Houston-Downtown
750,University of Houston-Victoria
751,Midwestern State University
752,University of North Texas System
753,University of North Texas (Denton- flagship/main campus)
754,University of North Texas at Dallas
755,University of North Texas Health Science Center
756,Stephen F. Austin State University
757,The University of Texas System
758,Academic institutions
759,The University of Texas at Arlington
760,The University of Texas at Austin (Austin- flagship/main campus)
761,The University of Texas at Dallas
762,The University of Texas at El Paso
763,The University of Texas Permian Basin
764,The University of Texas Rio Grande Valley
765,The University of Texas at San Antonio
766,The University of Texas at Tyler
767,Health institutions
768,University of Texas MD Anderson Cancer Center
769,University of Texas Medical Branch
770,University of Texas Southwestern Medical Center
771,University of Texas Health Science Center at Houston (UTHealth)
772,University of Texas Health Science Center at San Antonio
773,University of Texas Health Science Center at Tyler
774,Texas A&M University System
775,"Texas A&M University (Texas A&M or A&M) (College Station, Galveston, Doha- flagship/main campus)"
776,Prairie View A&M University
777,Tarleton State University
778,Texas A&M International University
779,Texas A&M University-Central Texas
780,Texas A&M University-Commerce
781,Texas A&M University-Corpus Christi
782,Texas A&M University-Kingsville
783,Texas A&M University-San Antonio
784,Texas A&M University-Texarkana
785,West Texas A&M University
786,Texas Southern University
787,Texas State University System
788,Lamar University
789,Sam Houston State University
790,Sul Ross State University
791,Texas State University
792,Texas Tech University System
793,Angelo State University
794,Texas Tech University (Texas Tech) (Lubbock- flagship/main campus)
795,Texas Woman's University
796,North American University
797,Utah System of Higher Education
798,Dixie State University (Dixie State)
799,"Snow College (community college; in addition to associate degrees, offers a few bachelor's degrees)"
800,Southern Utah University (Southern Utah or SUU)
801,"University of Utah (Utah, U of U, or UU)"
802,Utah State University (Utah State or USU)
803,Utah Valley University (Utah Valley or UVU)
804,Weber State University (Weber State)
805,Vermont State Colleges (Listed below are the state universities. The VSC also includes the state's community college.)
806,Castleton University (Castleton State or Castleton)
807,Northern Vermont University
808,University of Vermont (UVM)
809,Vermont Technical College (Vermont Tech)
810,Christopher Newport University (CNU)
811,Eastern Virginia Medical School (EVMS)
812,"George Mason University (George Mason, GMU, or Mason)"
813,James Madison University (JMU or James Madison)
814,Longwood University
815,"University of Mary Washington (Mary Washington, Mary Wash, or UMW)Norfolk State University"
816,Old Dominion University (Old Dominion or ODU)
817,Radford University
818,University of Virginia (UVA)
819,University of Virginia's College at Wise (UVA at Wise or UVA-Wise)
820,Virginia Commonwealth University (VCU)
821,Virginia Military Institute (VMI)
822,Virginia Polytechnic Institute and State University (Virginia Tech or VT)
823,Virginia State University (VSU)
824,"The College of William & Mary (William and Mary, W&M)"
825,University of the Virgin Islands system
826,University of the Virgin Islands - St. Croix campus (UVI-St. Croix)
827,University of the Virgin Islands - St. Thomas campus (UVI-St. Thomas)
828,Central Washington University (CWU)
829,Eastern Washington University (EWU)
830,Evergreen State College
831,University of Washington
832,Washington State University
833,Western Washington University (WWU)
834,Bluefield State College
835,Concord University
836,Fairmont State University
837,Glenville State College
838,Marshall University
839,Shepherd University
840,West Liberty University
841,West Virginia University at Parkersburg
842,West Virginia University system
843,West Virginia University (WVU) (Morgantown - flagship/main campus)
844,"Potomac State College of West Virginia University (Potomac State College or Potomac State) (community college; in addition to associate's degrees, offers a bachelor's degree program)"
845,West Virginia University Institute of Technology (WVU Tech or West Virginia Tech)
846,West Virginia School of Osteopathic Medicine
847,West Virginia State University (WVSU)
848,University of Wisconsin System
849,University of Wisconsin-Madison (Wisconsin) (Madison - flagship/main campus)
850,University of Wisconsin-Eau Claire
851,University of Wisconsin-Green Bay
852,University of Wisconsin-La Crosse
853,University of Wisconsin-Milwaukee
854,University of Wisconsin-Oshkosh
855,University of Wisconsin-Parkside
856,University of Wisconsin-Platteville
857,University of Wisconsin-River Falls
858,University of Wisconsin-Stevens Point
859,University of Wisconsin-Stout
860,University of Wisconsin-Superior
861,University of Wisconsin-Whitewater
862,University of Wyoming
863,.mw-parser-output .reflist{font-size:90%;margin-bottom:0.5em;list-style-type:decimal}.mw-parser-output .reflist .references{font-size:100%;margin-bottom:0;list-style-type:inherit}.mw-parser-output .reflist-columns-2{column-width:30em}.mw-parser-output .reflist-columns-3{column-width:25em}.mw-parser-output .reflist-columns{margin-top:0.3em}.mw-parser-output .reflist-columns ol{margin-top:0}.mw-parser-output .reflist-columns li{page-break-inside:avoid;break-inside:avoid-column}.mw-parser-output .reflist-upper-alpha{list-style-type:upper-alpha}.mw-parser-output .reflist-upper-roman{list-style-type:upper-roman}.mw-parser-output .reflist-lower-alpha{list-style-type:lower-alpha}.mw-parser-output .reflist-lower-greek{list-style-type:lower-greek}.mw-parser-output .reflist-lower-roman{list-style-type:lower-roman}
864,^ [1]
865,
866,^ Idaho Archived 2013-04-11 at archive.today
867,
868,^ http://osse.dc.gov/service/dctag-get-funding-college
869,
870,
871,
872,
873,
874,
875,
876,"Retrieved from ""https://en.wikipedia.org/w/index.php?title=List_of_state_and_territorial_universities_in_the_United_States&oldid=1018249996"""
877,Categories: Public universities and colleges in the United StatesLists of universities and colleges in the United StatesPublic universities in the United StatesHidden categories: Webarchive template archiveis linksArticles with short descriptionShort description is different from WikidataArticles needing additional references from December 2013All articles needing additional references